Phrase	Combined Score	Phrase Quality Score	Wiki Linking Score	NP Count Score	
secret_sharing	1.96937690024	0.9696113438	3	0	
key_generation	2.77776303352	0.9644959338	3	1	
block_cipher	2.77557159807	0.962974712	3	1	
digital_signature	2.77426478102	0.9620681344	3	1	
quantum_computing	1.96131146858	0.9616856692	3	0	
key_management	2.77294962104	0.9611562001	3	1	
key_exchange	2.77230609724	0.9607101371	3	1	
digital_signatures	2.77101084083	0.959812635	3	1	
finite_field	2.76558251021	0.9560558276	3	1	
stream_cipher	2.76511802309	0.9557347102	3	1	
oblivious_transfer	1.95399404574	0.9545231827	3	0	
elliptic_curves	2.76214256605	0.9536789444	3	1	
coding_theory	1.95289054215	0.9534453674	3	0	
wireless_sensor_networks	2.76165026359	0.9533390223	3	1	
quantum_mechanics	2.76127996842	0.953083383	3	1	
information_theory	2.75884310681	0.951401911	3	1	
elliptic_curve	2.75848438168	0.9511545105	3	1	
smart_cards	2.75803662586	0.9508457537	3	1	
scalar_multiplication	2.75646060171	0.9497593811	3	1	
private_key	2.75644232982	0.9497467897	3	1	
quantum_computers	2.75553866705	0.9491241682	3	1	
wireless_networks	2.75511563968	0.9488327735	3	1	
signature_scheme	2.75501198908	0.9487613825	3	1	
access_control	2.7538624763	0.9479698173	3	1	
public_key_infrastructure	2.75240020593	0.9469633617	3	1	
integer_factorization	2.75217682717	0.946809661	3	1	
identity_based	1.68535096938	0.94680263	2	0	
block_ciphers	2.75212255817	0.9467723219	3	1	
mobile_phone	2.7519600673	0.9466605265	3	1	
wireless_sensor_network	2.75079544074	0.9458594446	3	1	
modular_arithmetic	2.75014991519	0.9454155695	3	1	
rfid_tags	2.38154794237	0.9452951003	2	1	
pixel_expansion	2.38043334841	0.9444104877	2	1	
finite_fields	2.74701359429	0.9432604609	3	1	
quantum_key_distribution	2.74535285936	0.9421202903	3	1	
cellular_automata	2.74482213253	0.9417560674	3	1	
quantum_state	2.74479958438	0.9417405948	3	1	
discrete_logarithms	2.74466389461	0.9416474868	3	1	
high_speed	1.94014281897	0.9410385395	1	1	
finite_field_arithmetic	2.74288636629	0.9404282023	3	1	
fourier_transform	2.74249988966	0.9401632056	3	1	
wireless_communication	2.74185846141	0.9397234778	3	1	
complexity_theory	1.9386539717	0.9395948055	1	1	
sensor_networks	2.73968627839	0.938235113	3	1	
identity_based_encryption	1.93426448543	0.9353447749	3	0	
session_initiation_protocol	2.73456653706	0.9347317682	3	1	
key_distribution	2.73448832332	0.9346782988	3	1	
secure_communications	1.93339131269	0.934500492	3	0	
game_theory	2.73331986727	0.9338796871	3	1	
plain_text	2.73281590877	0.9335353489	3	1	
bilinear_pairings	2.36632975251	0.9332527496	2	1	
provable_security	2.73238367584	0.933240069	3	1	
smart_card	2.73066911829	0.9320692292	3	1	
information_processing	2.72957340198	0.9313213696	3	1	
communication_complexity	2.72936614151	0.9311799418	3	1	
key_agreement	2.72895427649	0.9308989304	3	1	
fault_tolerant	2.72811571602	0.93032692	3	1	
prime_fields	2.36207163901	0.9298970713	2	1	
white_box	1.92843962799	0.9297198497	1	1	
point_multiplication	2.3616452563	0.9295613861	2	1	
radio_frequency_identification	2.72548384079	0.9285327708	3	1	
instruction_set	1.92706460172	0.9283944948	3	0	
cryptographic_protocols	2.725163907	0.92831479	3	1	
quantum_computation	2.72501679819	0.9282145688	3	1	
elliptic_curve_cryptography	2.7245966881	0.9279283891	3	1	
diffie_hellman	2.72422141685	0.927672791	3	1	
multivariate_quadratic	2.35850719342	0.9270926969	2	1	
error_diffusion	1.92557714735	0.9269618376	3	0	
hash_functions	2.72242139912	0.9264472843	3	1	
neural_network	2.72150223281	0.9258218004	3	1	
secret_image	2.35681765561	0.9257649103	2	1	
cryptographic_primitives	2.35680613212	0.9257558574	2	1	
public_key_cryptosystems	2.35652575008	0.9255356018	2	1	
unconditionally_secure	0.961639117393	0.9247497921	0	0	
error_correction	1.92314642927	0.9246230471	3	0	
randomness_extraction	2.35402342006	0.9235710437	2	1	
fault_tolerance	2.71759375978	0.9231644804	3	1	
hash_function	2.71714328632	0.9228584548	3	1	
cellular_automaton	2.71684262202	0.9226542291	3	1	
low_power	0.960473510358	0.9225093641	0	0	
low_cost	1.92091044091	0.9224742305	3	0	
visual_cryptography	2.71595083063	0.9220486143	3	1	
quantum_entanglement	2.71571145551	0.9218860887	3	1	
provably_secure	1.92029003757	0.9218784571	3	0	
key_establishment	2.71544733552	0.921706779	3	1	
authentication_scheme	2.35114988233	0.9213176282	2	1	
number_theory	2.71400357229	0.9207269238	3	1	
dna_sequencing	1.91899604919	0.9206364592	3	0	
quantum_mechanical	1.91899291797	0.9206334548	3	0	
black_box	2.71318164257	0.9201693282	3	1	
signal_processing	2.71105027677	0.9187242004	3	1	
universally_composable	0.958336145515	0.9184081678	0	0	
extension_field	1.91665148454	0.9183882283	3	0	
number_theoretic	2.34700804711	0.9180744622	2	1	
hamming_weight	1.91600203998	0.9177659543	3	0	
secret_sharing_schemes	1.65918503136	0.9176316561	2	0	
key_escrow	2.70938433464	0.9175954341	3	1	
galois_fields	2.70916540078	0.9174471461	3	1	
cloud_computing	1.91421099662	0.9160509349	3	0	
peter_shor	2.34412684657	0.9158217788	2	1	
key_agreement_protocol	2.7060018776	0.9153057702	3	1	
hilbert_space	2.70571578714	0.9151122401	3	1	
distributed_systems	1.91272519814	0.9146294209	3	0	
secret_images	2.34036379672	0.9128837835	2	1	
wireless_network	2.70228115132	0.9127904276	3	1	
encryption_scheme	2.33975230958	0.9124068117	2	1	
bounded_storage_model	2.33962209807	0.9123052603	2	1	
digital_rights_management	2.70084057671	0.9118174776	3	1	
mutual_authentication	2.70074511852	0.9117530244	3	1	
fourier_sampling	1.65371506485	0.9115911719	2	0	
ion_trap	2.69971932245	0.9110605525	3	1	
privacy_amplification	2.698956544	0.9105458033	3	1	
authentication_protocol	2.69839226163	0.9101650997	3	1	
dihedral_group	2.69822198434	0.9100502346	3	1	
random_number_generator	2.69788984119	0.9098261994	3	1	
ad_hoc_networks	1.65192579815	0.9096196142	2	0	
credit_card	2.69757387828	0.9096131036	3	1	
el_gamal	2.33602336679	0.9095008617	2	1	
mobile_devices	2.69641937109	0.9088346781	3	1	
quantum_teleportation	2.69622438918	0.9087032446	3	1	
constrained_devices	0.953095380746	0.9083908048	0	0	
power_consumption	2.69572176858	0.9083644817	3	1	
sensor_nodes	2.33449627038	0.9083121394	2	1	
field_programmable_gate_array	2.69537897061	0.9081334744	3	1	
discrete_log	2.69533183679	0.9081017138	3	1	
symmetric_encryption	2.69460747063	0.9076136776	3	1	
access_structure	2.69439283387	0.9074690929	3	1	
fiat_shamir	2.33311172827	0.9072350561	2	1	
worst_case	1.90477210395	0.907039192	3	0	
differential_cryptanalysis	2.69301191991	0.9065391501	3	1	
service_providers	2.69250650109	0.9061989073	3	1	
computational_complexity	2.69238621093	0.9061179386	3	1	
boolean_functions	2.69210950684	0.9059316996	3	1	
computational_intelligence	2.69165954831	0.9056288905	3	1	
ad_hoc	1.90314478272	0.905490016	3	0	
normal_basis	2.691100292	0.9052525977	3	1	
extension_fields	1.64788050726	0.9051700554	2	0	
prime_field	2.69077910219	0.9050365221	3	1	
wi_fi	2.69054821313	0.9048812109	3	1	
dynamical_systems	2.69051974563	0.9048620627	3	1	
random_oracles	2.32979126022	0.9046545527	2	1	
neal_koblitz	2.32904484684	0.9040749831	2	1	
threshold_cryptography	2.32867717007	0.9037895604	2	1	
stream_ciphers	2.68860559904	0.9035750084	3	1	
edwards_curves	2.68851492494	0.9035140627	3	1	
signature_schemes	2.3282111631	0.90342787	2	1	
optical_fiber	2.68826208097	0.903344127	3	1	
mobile_networks	2.32775725539	0.90307564	2	1	
sensor_network	2.68782545341	0.9030507085	3	1	
post_quantum_cryptography	2.68779352079	0.9030292513	3	1	
electronic_voting	1.90050301605	0.9029779285	3	0	
algebraic_tori	2.32745313319	0.9028396812	2	1	
mobile_phones	2.68745069075	0.9027989019	3	1	
linear_feedback_shift	2.32734966071	0.9027594072	2	1	
modular_exponentiation	2.68670927627	0.9023008419	3	1	
ssl_tls	2.32667021634	0.9022323826	2	1	
neural_networks	2.68613928857	0.9019180347	3	1	
optical_tweezers	2.68607337547	0.9018737723	3	1	
quantum_channel	2.6859721242	0.9018057815	3	1	
performance_evaluation	2.68587085289	0.9017377798	3	1	
embedded_systems	1.89886210568	0.9014193241	3	0	
chaotic_maps	2.32533688256	0.9011986029	2	1	
optimal_contrast	1.34242881383	0.9010575601	0	1	
public_key_cryptography	2.6845451874	0.9008478579	3	1	
password_based	1.64385126389	0.9007489926	2	0	
identity_based_cryptography	1.64372288385	0.9006083063	2	0	
bit_error_rate	1.89782754938	0.9004373518	3	0	
symmetric_key	1.34167921412	0.9000515568	0	1	
digital_signal_processing	2.68292556125	0.8997611959	3	1	
leakage_resilient	1.34113625326	0.8993232249	0	1	
discrete_wavelet_transform	2.68223096396	0.899295368	3	1	
density_matrix	2.6815175948	0.8988170764	3	1	
emotional_information_processing	2.32220001025	0.8987688146	2	1	
cipher_text	2.68092130985	0.8984173837	3	1	
pairing_based_cryptography	1.64166277502	0.8983522223	2	0	
trade_offs	2.3215993383	0.8983039146	2	1	
mobile_ad_hoc_network	1.89554069679	0.8982686333	3	0	
network_security	2.68030461567	0.8980041041	3	1	
communication_systems	2.68022011454	0.8979474828	3	1	
dolev_yao	2.32087598118	0.89774422	2	1	
private_keys	2.32029253578	0.8972929086	2	1	
certificate_authority	2.67913362548	0.8972196229	3	1	
certificateless_public_key_cryptography	2.31953074858	0.8967038156	2	1	
hyperelliptic_curve_cryptography	2.67788754506	0.896385213	3	1	
quantum_physics	2.67685915117	0.8956968644	3	1	
message_authentication	2.67613678709	0.8952135129	3	1	
session_key	2.67552786119	0.894806167	3	1	
tamper_resistant	1.89130411484	0.8942578137	3	0	
information_theoretic	2.31627676999	0.8941896792	2	1	
cell_phones	2.67436917646	0.8940313115	3	1	
public_keys	2.31605096162	0.8940153428	2	1	
instruction_set_extensions	0.94550516043	0.8939800084	0	0	
relative_entropy	2.67406540623	0.8938282246	3	1	
encryption_schemes	2.31522023376	0.8933741218	2	1	
building_blocks	2.67223530266	0.8926051891	3	1	
quantum_bit_commitment	2.31419510526	0.8925831642	2	1	
cryptographic_systems	2.67199755239	0.892446365	3	1	
data_mining	1.88888545317	0.8919720638	3	0	
rfid_tag	2.67126700814	0.8919584286	3	1	
quantum_information_theory	2.67094343227	0.8917423523	3	1	
pseudorandom_generators	2.67042211779	0.8913942859	3	1	
operations_management	2.66920905768	0.8905846242	3	1	
heisenberg_uncertainty_principle	2.66914733381	0.8905434362	3	1	
general_purpose_processors	1.33409521002	0.8899050147	0	1	
bb84_protocol	2.31009663993	0.8894244143	2	1	
homomorphic_encryption	2.66735720622	0.8893493082	3	1	
projective_geometry	2.66672673231	0.8889289331	3	1	
proxy_signature	2.30923907753	0.8887641862	2	1	
discrete_logarithm	2.66641008429	0.8887178422	3	1	
key_exchange_protocol	2.30908059288	0.8886421974	2	1	
unconditional_security	2.30896869264	0.8885560706	2	1	
np_complete	1.88470997557	0.888032923	3	0	
visual_cryptography_schemes	2.30761671653	0.8875158184	2	1	
nash_equilibrium	2.66442588938	0.887395665	3	1	
quantum_communication	2.66392243791	0.8870603444	3	1	
public_key	2.66377074659	0.8869593238	3	1	
secure_communication	1.8826406987	0.8860840001	3	0	
free_space	2.66114836294	0.8852138262	3	1	
fault_attacks	2.30452111086	0.8851362584	2	1	
symmetric_key_cryptography	2.66042657903	0.8847336978	3	1	
reference_string	2.30370490363	0.8845093805	2	1	
digital_certificates	2.65962663049	0.8842017267	3	1	
digital_media	2.65948018831	0.884104359	3	1	
public_key_cryptosystem	2.65936093436	0.8840250724	3	1	
clock_cycle	2.65916781539	0.8838966838	3	1	
square_root	2.6581570548	0.883224866	3	1	
error_correcting_codes	1.87943577895	0.8830697118	3	0	
export_controls	1.87918927264	0.8828380806	3	0	
discrete_logarithm_problem	2.65754077342	0.8828153703	3	1	
bit_commitment	2.65699170522	0.8824506152	3	1	
string_commitment	2.30092558641	0.8823764257	2	1	
beam_splitter	2.65668477347	0.8822467482	3	1	
nios_ii	2.30058459119	0.8821149102	2	1	
computational_complexity_theory	2.65623976629	0.881951212	3	1	
embedded_devices	1.87805796705	0.8817754319	3	0	
coin_flipping	1.87803757396	0.8817562823	3	0	
joint_sparse_form	2.29997696202	0.8816490043	2	1	
prime_factorization	2.65574384442	0.8816219209	3	1	
rfid_systems	2.29991073605	0.8815982323	2	1	
symmetric_cryptography	2.65518225966	0.881249104	3	1	
digital_watermarking	1.87734430172	0.8811054068	3	0	
modular_multiplication	2.65496093968	0.8811021989	3	1	
ubiquitous_computing	1.8771753608	0.8809468338	3	0	
braid_group	2.65417445485	0.8805802546	3	1	
supply_chain_management	2.6541485981	0.8805630976	3	1	
vernam_cipher	2.65379286773	0.8803270731	3	1	
montgomery_modular	2.29812686987	0.880231185	2	1	
health_care	2.65316316407	0.8799093469	3	1	
ghz_states	2.29765122797	0.8798668609	2	1	
lattice_based	1.62467239251	0.879853461	2	0	
xilinx_virtex	2.29734691307	0.8796338065	2	1	
communication_channel	2.65266623441	0.8795797689	3	1	
handheld_devices	2.65229138399	0.8793311982	3	1	
quantum_cryptography	2.65195187558	0.8791060938	3	1	
heisenberg's_uncertainty_principle	2.65159379981	0.8788687099	3	1	
artificial_neural_networks	2.65117327099	0.8785899641	3	1	
single_photon	1.32544038968	0.8783961133	1	0	
extended_visual_cryptography	2.29525384792	0.8780317044	2	1	
min_entropy	2.65014719727	0.8779100209	3	1	
data_structure	2.64998519302	0.8778026904	3	1	
primitive_subgroups	2.29484678678	0.8777202958	2	1	
data_compression	2.64978174754	0.8776679137	3	1	
long_standing	1.62249698582	0.877498823	2	0	
multi_user	2.64919068985	0.8772764139	3	1	
reference_frames	2.64914855152	0.877248506	3	1	
random_number_generators	2.64802177635	0.876502416	3	1	
timed_release	1.87236113162	0.8764340518	3	0	
white_paper	2.64761878903	0.8762356565	3	1	
white_box_cryptography	2.29289690475	0.8762293693	2	1	
quantum_information	2.64729723726	0.8760228328	3	1	
architectural_enhancements	2.29248878911	0.8759174747	2	1	
law_enforcement	2.64703590954	0.8758498883	3	1	
copyright_protection	2.6469109342	0.8757671867	3	1	
hardware_acceleration	2.64627466088	0.8753461976	3	1	
post_quantum	2.64592622029	0.8751156954	3	1	
strongly_unforgeable	0.935343629582	0.8748677054	0	0	
atomic_proxy	2.29083151458	0.8746515047	2	1	
advanced_encryption_standard	1.61961679032	0.8743861825	2	0	
information_security	2.64443014383	0.8741263482	3	1	
sybil_attack	2.64439766949	0.8741048793	3	1	
web_site	2.64428685509	0.8740316215	3	1	
high_performance	2.28980650667	0.873868973	2	1	
complexity_theoretic	2.28979098732	0.8738571276	2	1	
halftone_visual_cryptography	1.3218679779	0.8736674755	0	1	
secret_key	2.64368248003	0.8736321319	3	1	
frequency_domain	2.64345242832	0.8734800926	3	1	
linear_combination	2.64323884263	0.8733389474	3	1	
parity_check	2.64303275909	0.8732027707	3	1	
secret_sharing_scheme	1.61840449663	0.8730777049	2	0	
optical_access_networks	2.28863748781	0.8729769251	2	1	
correlation_immune	2.2883844673	0.8727839117	2	1	
years_ago	0.934170520997	0.8726745623	0	0	
mobile_commerce	2.6421518783	0.8726208185	3	1	
ip_address	2.64175385273	0.8723579273	3	1	
computational_overhead	2.6411618086	0.8719669624	3	1	
lower_bounds	1.61712723247	0.871700162	2	0	
security_issues	2.28650958074	0.8713543438	2	1	
encryption_algorithm	2.63975434039	0.8710378722	3	1	
information_theoretically_secure	1.6164248517	0.8709431004	2	0	
code_based	1.61612142885	0.8706161576	2	0	
constant_query_weak	2.28528651175	0.8704224068	2	1	
physically_observable	1.61590935724	0.8703876836	2	0	
random_numbers	1.86586927409	0.870367037	1	1	
quantum_error_correction	1.86584637889	0.8703456774	3	0	
data_transmission	2.63810618604	0.8699505311	3	1	
visual_cryptography_scheme	2.28450568995	0.8698277079	2	1	
secure_multiparty_computation	2.63691072553	0.8691622718	3	1	
password_guessing	1.61419148911	0.8685380545	2	0	
lattice_based_cryptography	1.86382051496	0.868456728	3	0	
digit_serial	2.28142997473	0.8674871216	2	1	
lattice_problems	2.63364531522	0.8670109558	3	1	
message_digest	2.63362995351	0.8670008415	3	1	
image_processing	2.63343189667	0.8668704443	3	1	
ideal_lattices	2.28058599641	0.8668454145	2	1	
entanglement_swapping	1.86144784434	0.8662470193	3	0	
ntru_ke	1.31584107338	0.8657188652	0	1	
encrypted_data	1.31526093001	0.864955657	1	0	
nizk_proofs	1.31519130844	0.8648640889	0	1	
hadamard_matrices	2.6303353257	0.8648329907	3	1	
data_hiding	1.85990214528	0.8648089975	3	0	
byzantine_agreement	2.63027048966	0.8647903561	3	1	
cheating_prevention	1.61069551536	0.8647800144	2	0	
complex_multiplication	2.63013926719	0.8647040706	3	1	
cryptographic_schemes	2.27764843758	0.8646137342	2	1	
single_photons	1.31487097055	0.8644428346	1	0	
beam_splitters	2.27682620865	0.8639895974	2	1	
gray_scale	2.2767678522	0.8639453088	2	1	
bell_inequality	2.62860787673	0.8636974212	3	1	
user_authentication	2.27632684819	0.8636106533	2	1	
reversible_logic	2.62803442732	0.8633206189	3	1	
cryptographic_primitive	2.62767037263	0.8630814484	3	1	
galois_field	2.62764991306	0.8630680082	3	1	
cryptographic_algorithms	2.27556730751	0.8630344285	2	1	
en_cryption	1.60875528335	0.8626978539	2	0	
energy_consumption	2.62642196168	0.8622615401	3	1	
tightly_coupled	1.60790539535	0.8617865868	2	0	
certificateless_signature	2.27388288089	0.861757226	2	1	
wireless_communications	2.62565145059	0.8617556925	3	1	
clock_cycles	2.62505234508	0.8613624768	3	1	
energy_efficient	1.31241420192	0.8612155187	1	0	
photon_polarization	2.62466226688	0.8611065019	3	1	
hyperelliptic_curves	2.27279261812	0.8609310475	2	1	
privacy_preserving	1.6070692589	0.8608905343	2	0	
meaningful_shares	2.27269375451	0.8608561503	2	1	
channel_probing	0.92756215091	0.8603715438	0	0	
cryptographic_tasks	2.27197560392	0.8603121908	2	1	
montgomery_multiplication	2.6234306239	0.8602985298	3	1	
ibe_lite	1.31166258596	0.8602293697	0	1	
halftone_image	2.2716537841	0.8600684858	2	1	
tamper_proof_hardware_tokens	1.3114898926	0.8600028692	0	1	
public_key_encryption	2.62196308227	0.8593363006	3	1	
pseudorandom_bit_generators	2.27064375066	0.8593038404	2	1	
traitor_tracing	1.85383077005	0.859172131	3	0	
prefix_preserving	1.60501342658	0.8586893665	2	0	
entropic_uncertainty	2.62086583892	0.8586172182	3	1	
graphics_processing_units	2.62060524429	0.8584464808	3	1	
arithmetic_operations	2.62035056922	0.8582796382	3	1	
broadcast_encryption	2.62023094509	0.8582012757	3	1	
cryptographic_path_hardening	1.31008859487	0.8581660632	0	1	
cl_pkc	2.26900693243	0.8580654099	2	1	
error_correcting	1.60413919599	0.8577541867	2	0	
ad_hoc_network	1.8518835634	0.8573681831	3	0	
quasi_cyclic	2.26754444433	0.8569596345	2	1	
rfid_authentication_protocols	2.26751808451	0.8569397106	2	1	
linear_codes	2.26741211296	0.856859615	2	1	
multi_precision	2.26739942008	0.8568500217	2	1	
key_issuing	1.6029519198	0.8564849524	2	0	
certificate_revocation	2.61753880552	0.8564386748	3	1	
key_size	2.61736066678	0.8563221075	3	1	
encryp_tion	1.30793907442	0.8553523112	0	1	
cost_effective	0.924645006421	0.8549683879	0	0	
order_preserving	1.60095192963	0.854349027	2	0	
reversible_logic_circuits	2.26406158719	0.8543291451	2	1	
photon_counting	1.84845951722	0.8542006467	3	0	
cryptographic_protocol	2.61411615809	0.854200411	3	1	
future_directions	1.30690003221	0.8539938471	0	1	
cellular_programming	1.60030795174	0.8536618468	2	0	
quantum_authentication_protocols	2.26262296435	0.8532437798	2	1	
oblivious_tree	1.30613807945	0.8529983413	0	1	
single_qubit	1.5995214751	0.8528229831	2	0	
honest_majority	2.2617739578	0.8526035727	2	1	
mobile_ad_hoc_networks	1.84633867132	0.8522416223	3	0	
sensitive_information	2.61106107443	0.8522049918	3	1	
wave_function	2.61096070503	0.8521394754	3	1	
quantum_states	2.6109254079	0.8521164357	3	1	
asymptotically_optimal	1.84599241082	0.8519219952	3	0	
elgamal_encryption	2.61048978148	0.8518321124	3	1	
quantum_circuits	2.26016320145	0.8513896162	2	1	
lightweight_cryptography	2.25910749465	0.8505944454	2	1	
electronic_commerce	2.6083822361	0.8504572362	3	1	
timing_attacks	2.60804566754	0.8502377755	3	1	
service_provider	2.60790363932	0.850145174	3	1	
functional_encryption	2.60778843927	0.850070068	3	1	
qubit_neural_network	1.30385691385	0.8500214259	0	1	
reversible_circuits	1.30376023317	0.8498953728	0	1	
prime_order	2.25817345981	0.8498912291	2	1	
probability_theory	2.6074890547	0.8498748963	3	1	
encryption_keys	2.25789686731	0.8496830439	2	1	
ldpc_codes	2.60705832002	0.8495941355	3	1	
reed_solomon	1.59588071537	0.8489450859	2	0	
data_security	2.60480536194	0.8481263717	3	1	
mobile_communication	2.60456210554	0.8479679702	3	1	
triple_des	2.60427902453	0.8477836547	3	1	
security_properties	2.25531393704	0.8477401591	2	1	
hardware_software_co_design	2.25529059977	0.8477226149	2	1	
asymmetric_cryptography	2.60393385	0.8475589369	3	1	
probability_distribution	2.60348841242	0.8472689892	3	1	
authenticated_key_exchange	2.25450545389	0.8471324736	2	1	
optical_communication	2.60308939516	0.8470092999	3	1	
goppa_codes	2.25415490453	0.8468690556	2	1	
twisted_edwards_curves	2.25341070651	0.8463099687	2	1	
quantum_algorithms	2.60193094958	0.8462555833	3	1	
blind_signature	2.60170814166	0.8461106568	3	1	
polynomial_multiplication	2.60166359624	0.8460816835	3	1	
multi_party	2.25228441472	0.8454641808	2	1	
simulatability_soundness	2.25199168968	0.8452444284	2	1	
key_generation_center	2.25178248141	0.8450873906	2	1	
ecc_based	0.919279490634	0.8450747819	0	0	
visual_secret_sharing	1.59214764108	0.844978037	2	0	
lower_bounds_1st_edition	1.29980646652	0.8447484252	0	1	
confidential_data	2.25132736567	0.8447458179	2	1	
modular_division	2.59947767615	0.8446605236	3	1	
pseudo_random_bit	2.25096577846	0.8444744893	2	1	
gray_level	2.59905736374	0.8443873975	3	1	
memory_checkers	2.25069705323	0.8442728709	2	1	
koblitz_curves	1.29943204986	0.8442618261	0	1	
high_security	2.59861570579	0.8441004483	3	1	
power_analysis	2.59853127162	0.8440455962	3	1	
extended_abstract	1.83742937965	0.8440366813	3	0	
long_distance	2.25014546623	0.8438591032	2	1	
information_assurance	2.59765077052	0.8434736907	3	1	
wave_plate	2.59763020124	0.8434603328	3	1	
supersingular_curves	2.24959452893	0.8434459241	2	1	
long_distances	1.83648599211	0.8431701998	1	1	
decryption_process	1.29820465413	0.842667662	0	1	
boolean_function	2.59531722932	0.8419589401	3	1	
computational_power	2.59522915258	0.8419017943	3	1	
perfectly_secure	0.917512260572	0.8418287483	0	0	
singular_value_decomposition	2.5942291686	0.8412531224	3	1	
signcryption_scheme	2.24646315069	0.8410994479	2	1	
dna_cryptography	2.2454570875	0.8403462553	2	1	
secret_keys	2.24529229073	0.8402229118	2	1	
cryptographic_techniques	2.2452061781	0.8401584637	2	1	
linear_complexity	2.24510698404	0.8400842283	2	1	
elliptic_curve_point_multiplication	2.59222846725	0.8399560533	3	1	
encryption_algorithms	2.59216375748	0.8399141182	3	1	
cryp_tosystems	1.29563667955	0.8393372027	0	1	
multiply_accumulate	1.83190192008	0.8389661612	3	0	
key_management_scheme	2.243060892	0.8385536942	2	1	
public_channel	2.24284577588	0.8383928624	2	1	
quantum_information_processing	2.58969015042	0.8383118844	3	1	
large_scale	2.24252517671	0.8381531947	2	1	
reconfigurable_hardware	2.24247323904	0.8381143713	2	1	
discrete_log_based	1.29459234232	0.8379846664	0	1	
collision_resistant_hash	2.24202719029	0.837780987	2	1	
prime_numbers	2.58831366739	0.8374209551	3	1	
mobile_voting	0.915085086317	0.8373807152	0	0	
multiple_photons	2.24148031024	0.8373723302	2	1	
classical_cryptography	2.5878010599	0.8370892907	3	1	
uniformly_random	1.29389996924	0.8370885652	1	0	
multiplier_architecture	1.29348283514	0.8365489224	0	1	
cr_capacity	1.82918960209	0.8364836501	1	1	
secure_data_transmission	2.24003604502	0.8362935805	2	1	
field_multiplication	2.23996736088	0.8362422963	2	1	
editor_in_chief	1.82886411414	0.836185987	3	0	
size_invariant	2.23976237016	0.8360892458	2	1	
access_structures	1.82844584399	0.8358035511	1	1	
constant_round	2.23929961247	0.8357437924	2	1	
game_theoretic	2.2392593789	0.835713761	2	1	
ecceg_tc	1.29251783585	0.835301178	0	1	
secret_messages	2.23868247704	0.8352832055	2	1	
peer_to_peer	1.82732350798	0.8347778007	3	0	
prime_number	2.58359402848	0.834369763	3	1	
digital_image	2.58343560973	0.8342674437	3	1	
performance_improvement	2.58317218691	0.8340973184	3	1	
field_arithmetic	2.5830806205	0.8340381865	3	1	
multivariate_public_key_cryptography	2.23657237442	0.833709331	2	1	
ultra_low_power	1.82592540812	0.833500899	3	0	
random_sequence	2.58210986691	0.8334114206	3	1	
mobile_banking	1.82572254278	0.8333157008	3	0	
brute_force	1.82559330126	0.8331977254	1	1	
color_images	2.23545532651	0.8328767528	2	1	
information_reconciliation	2.23536946812	0.8328127765	2	1	
cryptographic_keys	2.5810911116	0.8327539158	3	1	
copyright_protection_scheme	2.23515856203	0.8326556329	2	1	
information_gain	2.58057978137	0.832424001	3	1	
color_visual_cryptography	2.23465639063	0.8322815307	2	1	
digital_images	2.5797755245	0.8319052196	3	1	
automates_cellulaires	1.28962563079	0.8315671338	0	1	
operating_systems	1.82360290941	0.8313818928	3	0	
vice_versa	2.5783181332	0.8309655495	3	1	
commitment_scheme	2.5775887537	0.8304954729	3	1	
chaos_theory	2.576816049	0.8299976188	3	1	
leakage_resilient_cryptography	1.28839741268	0.8299839465	0	1	
decoding_process	1.57776784576	0.8297837917	2	0	
data_encryption	2.57625775124	0.8296380001	3	1	
bound_entangled_states	1.57734351202	0.8293375183	2	0	
addition_chains	1.28772956035	0.8291237103	0	1	
hardware_accelerator	2.57543178873	0.8291061123	3	1	
resource_constrained_devices	0.910515256764	0.8290380328	0	0	
encryption_methods	2.23023314342	0.828989979	2	1	
classical_channel	2.22999768507	0.8288149459	2	1	
efficiently_computable	1.57666705851	0.8286263378	2	0	
high_quality	2.57466722044	0.828613912	3	1	
visual_information	2.22902044715	0.8280886923	2	1	
twisted_edwards	1.57615434013	0.8280875013	2	0	
quantum_key_distribution_protocol	2.22895076931	0.828036922	2	1	
chosen_plaintext	1.81990858639	0.8280168157	3	0	
pseudo_random	2.57338147083	0.8277865243	3	1	
multi_application_smart	2.22847239503	0.8276815359	2	1	
privacy_enhancing	1.57525008434	0.8271376094	2	0	
open_problems	2.57224433039	0.8270551119	3	1	
dna_steganography	2.22755160169	0.8269976897	2	1	
exponential_separation	2.22740660397	0.8268900299	2	1	
key_sizes	2.57136548752	0.8264900588	3	1	
hardware_tokens	2.22681965193	0.8264542937	2	1	
processor_architecture	1.81809670997	0.8263689117	1	1	
secret_information	2.22669390115	0.8263609549	2	1	
quantum_information_science	2.57035532641	0.825840813	3	1	
computationally_intensive	0.908670565937	0.8256821974	0	0	
real_world	1.81717280048	0.8255292467	1	1	
information_systems	2.5692502413	0.8251308503	3	1	
elliptic_curve_cryptosystem	2.22465303951	0.8248468577	2	1	
proxy_cryptography	2.22447023837	0.8247113069	2	1	
optical_networks	2.2240563911	0.8244044718	2	1	
cryptosys_tems	1.28398584346	0.8243098231	0	1	
sensitive_data	2.56742544336	0.8239591759	3	1	
cryptosys_tem	1.283596372	0.8238098231	0	1	
authen_tication	1.28320678232	0.8233098231	0	1	
average_case	2.56584608969	0.8229457695	3	1	
physical_attacks	2.22190478189	0.8228101433	2	1	
formal_methods	2.56563428493	0.8228099105	3	1	
image_captcha	1.28219530642	0.8220124019	0	1	
el_liptic	1.2821591735	0.8219660731	0	1	
secure_function_evaluation	2.22056075634	0.8218150121	2	1	
multi_party_computation	1.28198327782	0.8217405623	0	1	
adaptive_chosen	1.57010028552	0.8217383022	2	0	
linear_array	1.81286271946	0.8216178099	1	1	
distributed_computing	1.81274414069	0.8215103299	3	0	
secure_multi_party_computation	2.21966380103	0.8211512316	2	1	
key_insulated	1.56944245893	0.8210498773	2	0	
random_bits	2.21943544457	0.8209822821	2	1	
pair_wise	1.28132057363	0.8208912062	0	1	
research_interests_include	1.28098445869	0.8204605917	0	1	
device_independent	1.81138184257	0.8202760449	3	0	
mixed_states	1.56869793689	0.8202710724	2	0	
~_prog	1.81117796376	0.8200914041	1	1	
authentication_server	2.5610410249	0.8198663914	3	1	
elliptical_curve_cryptography	2.56065271476	0.8196177907	3	1	
semantically_secure	1.81064657225	0.8196102524	3	0	
key_material	2.21739036753	0.819470007	2	1	
recent_progress	2.21725812192	0.8193722632	2	1	
color_image	2.55930924728	0.8187579779	3	1	
secret_communication	2.21632185027	0.818680424	2	1	
trusted_computing	1.80932375721	0.8184131146	3	0	
domain_specific	1.56679872629	0.8182860829	2	0	
algebraic_groups	2.55809463938	0.817981023	3	1	
quantum_secret_sharing	1.5663965902	0.8178660926	2	0	
entangled_photons	1.56637832135	0.8178470152	2	0	
software_protection	2.55767522927	0.8177128223	3	1	
reverse_engineering	2.55757970308	0.8176517422	3	1	
trusted_intermediaries	1.56609825927	0.8175545859	2	0	
threshold_cryptosystems	2.21441415788	0.8172716771	2	1	
xor_based	1.56534190444	0.8167650926	2	0	
cache_timing_attacks	2.2136689144	0.8167216771	2	1	
density_matrices	2.55565652763	0.8164225359	3	1	
anonymous_communication	2.2130586145	0.8162714052	2	1	
position_verification	2.21270667265	0.8160118032	2	1	
visual_quality	2.21253744294	0.8158869894	2	1	
input_locality	2.21206922016	0.8155417058	2	1	
cryptographic_algorithm	2.55365768137	0.8151459442	3	1	
kak's_three_stage	2.21112429868	0.8148451107	2	1	
adaptively_secure	0.9026654229	0.8148048657	0	0	
search_algorithm	2.55305108872	0.8147587327	3	1	
finding_minimal_esct	1.27648485545	0.8147067931	0	1	
cryptographic_operations	2.21073048059	0.8145548763	2	1	
attribute_based	1.56322036556	0.8145526371	2	0	
quantum_secure_direct_communication	2.21051273043	0.8143944219	2	1	
authenticated_key_agreement	2.21016387922	0.8141373955	2	1	
extended_visual_cryptography_scheme	2.20978192105	0.8138560231	2	1	
data_encryption_standard	2.55061706134	0.8132059242	3	1	
host_image	2.20851095202	0.8129201042	2	1	
physical_layer	2.55005355928	0.8128466444	3	1	
encryption_technique	2.20821501643	0.8127022598	2	1	
absolutely_secure	0.901061671863	0.8119121365	0	0	
cheating_probability	1.56033427005	0.8115476781	2	0	
application_specific	1.55967767574	0.8108648174	2	0	
halftone_images	2.2054524076	0.8106700537	2	1	
dna_computing	1.80066468083	0.8105983232	3	0	
half_toned	1.55929327857	0.8104651762	2	0	
multi_hop	2.20502578407	0.8103564514	2	1	
mathematical_background	2.2049461822	0.8102979444	2	1	
lower_bound	1.79971874536	0.8097468906	3	0	
qc_ldpc_codes	1.27244253827	0.8095550066	0	1	
data_integrity	2.54458507659	0.8093641515	3	1	
hard_problems	2.20363883361	0.8093373515	2	1	
quantum_technologies	2.20343267943	0.8091859288	2	1	
modern_cryptography	2.20325795743	0.8090576045	2	1	
sharing_scheme	1.55790939233	0.8090272249	2	0	
security_proof	2.5439812037	0.8089800456	3	1	
hardware_implementations	2.20310016277	0.8089417212	2	1	
communication_cost	1.27189320306	0.80885616	0	1	
energy_efficiency	1.79864363007	0.808779727	1	1	
additional_hardware	2.20249604781	0.8084981401	2	1	
statistically_secure	0.899057077721	0.808303629	0	0	
security_levels	2.20141169157	0.8077022393	2	1	
unconditionally_secure_quantum_bit_commitment	1.270913467	0.8076105203	0	1	
image_quality	2.541121369	0.8071622265	3	1	
binary_finite_fields_gf	2.20062262194	0.8071233207	2	1	
binary_fields	2.19951527101	0.8063112379	2	1	
end_user	2.53969577658	0.8062568297	3	1	
secure_multicast	1.79582207493	0.8062442312	3	0	
binary_operation	2.53960142794	0.8061969266	3	1	
processor_core	2.53871100679	0.805631697	3	1	
bent_functions	1.55460575858	0.8055996882	2	0	
grover's_algorithm	2.53843595499	0.8054571372	3	1	
key_recovery	2.5382919145	0.8053657304	3	1	
double_base	2.53828431867	0.8053609103	3	1	
multi_application_smart_cards	2.19789196327	0.8051215137	2	1	
certificateless_cryptography	2.5379066878	0.8051212945	3	1	
error_control	1.79456083954	0.8051121517	3	0	
abelian_groups	2.53781468654	0.8050629229	3	1	
password_authentication	1.2683046787	0.804298379	0	1	
programming_language	1.55324438618	0.8041893744	2	0	
elliptic_curve_cryptosystems	1.26804199891	0.8039652555	0	1	
linear_algebra	1.26770425471	0.8035370387	0	1	
quantum_systems	2.53522184213	0.8034187236	3	1	
quantum_key_distribution_protocols	2.19524701722	0.8031849111	2	1	
anonymous_oblivious_transfer	2.19522641976	0.803169839	2	1	
information_flow	2.53464230281	0.8030514504	3	1	
random_oracle_model	2.53371369306	0.8024631348	3	1	
chaotic_synchronization	2.19421529965	0.8024301302	2	1	
multiparty_computation	2.19399499165	0.8022690039	2	1	
integrating_quantum_cryptography	2.19383824499	0.8021543742	2	1	
morley_rank	2.53298074781	0.8019989336	3	1	
source_code	2.53296712178	0.801990305	3	1	
fpga_based	1.5510827093	0.8019525237	2	0	
mds_matrices	1.26636787483	0.8018437972	0	1	
encrypted_message	1.55086445085	0.8017268483	2	0	
partial_knowledge	2.19287248781	0.8014482913	2	1	
trusted_center	1.55012623018	0.8009637765	2	0	
quantum_oblivious_transfer	2.19211578029	0.8008952657	2	1	
public_key_infrastructures	2.19186062591	0.8007088339	2	1	
continuous_variable	1.78922653557	0.8003328989	3	0	
block_encryption	2.19126864391	0.8002763783	2	1	
research_areas	2.19059146739	0.7997818295	2	1	
confidential_information	2.52915379113	0.7995773624	3	1	
general_purpose	1.78825978862	0.7994682679	1	1	
shortest_vector_problem	2.52894969392	0.7994483193	3	1	
torus_based_cryptography	1.78817553903	0.7993929396	3	0	
timed_release_cryptography	2.18992740934	0.7992970097	2	1	
probing_rate	0.894004547472	0.7992441309	0	0	
real_life	2.52851275702	0.7991720953	3	1	
multiple_precision	2.18968322134	0.7991187683	2	1	
curve_based_cryptography	1.54826963999	0.7990462927	2	0	
custom_instructions	2.18949425421	0.7989808482	2	1	
transport_layer	2.52803594611	0.7988707181	3	1	
resource_constrained	1.54789351766	0.798658114	2	0	
chaotic_map	2.52751984459	0.7985445706	3	1	
information_hiding	1.78697610572	0.7983209006	3	0	
brute_force_attack	2.52693226945	0.7981733368	3	1	
pseudorandom_bit	1.26340662924	0.7980981554	0	1	
stage_quantum_cryptography_protocol	1.26338583932	0.7980718895	0	1	
post_quantum_cryptosystems	1.26332886384	0.7979999091	0	1	
desirable_properties	2.18813329347	0.797987885	2	1	
security_level	2.52660669405	0.7979676733	3	1	
random_oracle	2.52632575223	0.7977902258	3	1	
long_term	2.18784131417	0.797774936	2	1	
nonce_based	0.893061720152	0.797559236	0	0	
trusted_third_party	1.78586240926	0.7973261362	3	0	
dedicated_hardware	1.54640538091	0.7971232007	2	0	
master_key	1.78522487614	0.7967569646	1	1	
low_power_cmos	2.18636413431	0.7966980213	2	1	
continual_leakage	1.2622401632	0.7966251148	0	1	
efficient_arithmetic	2.18589378786	0.7963552753	2	1	
input_output	2.52393051061	0.7962781528	3	1	
research_group	2.52385198837	0.7962286074	3	1	
quantum_money	2.52350793904	0.7960115398	3	1	
elliptic_curve_digital_signature_algorithm	2.52330958576	0.7958864082	3	1	
number_theoretic_problems	2.18493804182	0.7956590411	2	1	
quantum_resistant	1.54485536294	0.7955260308	2	0	
group_theory	2.52233062512	0.7952689728	3	1	
public_discussion	2.52178536501	0.7949251784	3	1	
hardness_assumptions	2.18348811941	0.7946033946	2	1	
error_free	1.54390729427	0.7945499111	2	0	
np_hard	1.78274129172	0.7945416283	3	0	
zero_knowledge_proofs	2.52013009283	0.7938819606	3	1	
exhaustive_key_search	2.51985354543	0.7937077363	3	1	
interactive_proof_systems	2.51982506345	0.7936897938	3	1	
secure_channel_protocol	2.18218379194	0.7936543503	2	1	
rsa_tc	2.18199315888	0.7935156909	2	1	
big_mac	2.51877392411	0.7930277601	3	1	
threshold_visual_cryptography_scheme	2.18092025576	0.792735527	2	1	
pseudorandom_generator	2.51795802396	0.7925140763	3	1	
audio_file	2.51730067795	0.7921003379	3	1	
key_length	2.51704943646	0.7919422332	3	1	
digit_sets	1.54105508383	0.7916169238	2	0	
learning_with_errors	1.77945012821	0.7916106897	3	0	
transmitted_message	1.54076175361	0.7913155938	2	0	
fingerprint_image	2.17896162683	0.7913122952	2	1	
integer_arithmetic	2.17881387424	0.7912049831	2	1	
black_box_access	1.77895519618	0.7911703975	1	1	
dos_attacks	2.17875446974	0.7911618399	2	1	
entangled_states	0.889401625589	0.7910352516	0	0	
building_block	2.5154879797	0.790959972	3	1	
binary_images	1.2576402088	0.7908294474	0	1	
black_and_white	1.77829411774	0.7905824923	3	0	
security_proofs	2.17774294433	0.7904273886	2	1	
source_coding	1.77775736128	0.7901053089	3	0	
shor's_algorithm	2.51388202412	0.7899503539	3	1	
communication_channels	2.1770144762	0.7898986716	2	1	
universal_hashing	1.77752401435	0.7898979054	3	0	
random_number	2.17681172668	0.7897515489	2	1	
entangled_state	1.77735906997	0.7897513159	3	0	
key_exposure	2.17670644562	0.7896751584	2	1	
dynamic_key	2.17670220977	0.789672085	2	1	
image_based_authentication	1.53901605265	0.7895234701	2	0	
cover_images	1.53895984743	0.789465804	2	0	
classical_computers	2.17598963582	0.7891551492	2	1	
pure_state	2.51252294366	0.7890964428	3	1	
policy_based	1.77647878603	0.7889692193	3	0	
rsa_encryption	2.51140395429	0.7883937277	3	1	
reversible_full_adder	1.2556480303	0.788325988	0	1	
direct_communication	2.17467259646	0.7882001503	2	1	
polynomial_equations	2.51103500031	0.7881620966	3	1	
hardware_accelerators	2.51064966317	0.7879202164	3	1	
crypto_systems	2.17356547037	0.787397809	2	1	
supply_chain	1.77458469744	0.7872877121	3	0	
recent_advances	2.17311822568	0.7870738038	2	1	
multimedia_content	2.17214529114	0.7863691943	2	1	
quantum_channels	2.17193920799	0.7862199872	2	1	
free_space_quantum	2.17150460911	0.7859053779	2	1	
perfect_secrecy	2.50739497583	0.7858786956	3	1	
halftone_shares	1.25369088646	0.7858704194	0	1	
random_sources	2.1713964066	0.7858270591	2	1	
content_protection	2.50665818412	0.7854169065	3	1	
area_networks	2.17078266038	0.7853828931	2	1	
security_requirements	2.17050830199	0.7851843815	2	1	
data_confidentiality	2.50607661048	0.7850524972	3	1	
extended_vc	1.53410358252	0.7844912673	2	0	
theoretical_basis	2.16926793241	0.7842872271	2	1	
signed_digit	1.53390241932	0.784285544	2	0	
encryption_decryption	1.25233969465	0.7841773554	0	1	
cover_image	0.885510243588	0.7841283915	0	0	
quantum_immune	1.25216334573	0.7839565222	0	1	
residue_number	1.77067577947	0.783823179	1	1	
exposure_resilient	1.25118433286	0.7827311174	0	1	
session_keys	2.16674483412	0.7824638627	2	1	
computational_problems	2.50180554368	0.7823788723	3	1	
encrypted_messages	0.884505376241	0.7823497606	0	0	
intended_recipient	0.884193038878	0.78179733	0	0	
stego_image	1.24994498127	0.7811812281	0	1	
platform_independent	1.76687995246	0.7804661916	3	0	
international_conference	2.16327812817	0.7799620433	2	1	
key_management_schemes	1.24875330134	0.7796924038	0	1	
honest_parties	2.16288055939	0.7796753857	2	1	
area_consumption	2.16259554665	0.7794699164	2	1	
key_updates	1.24855312198	0.7794424492	0	1	
wireless_devices	2.49704792041	0.7794060396	3	1	
web_services	2.49698047585	0.7793639371	3	1	
basis_representation	2.16190536296	0.7789724664	2	1	
mathematical_problems	2.49609520892	0.7788114115	3	1	
shannon_entropy	2.49599140575	0.7787466372	3	1	
threshold_vcs	2.16154385119	0.7787119701	2	1	
experimental_results	2.16143601404	0.7786342738	2	1	
conjugate_code	2.16122473112	0.7784820564	2	1	
diffie_hellman_problem	2.16116822048	0.7784413462	2	1	
computational_resources	2.49535862898	0.7783518359	3	1	
quantum_information_technology	2.16094864585	0.778283175	2	1	
smaller_key_size	2.16085563303	0.7782161778	2	1	
detect_unauthorized	0.882125879396	0.7781460671	0	0	
anonymous_communications	2.16072125097	0.7781193874	2	1	
point_to_point	1.24710937684	0.7776408989	1	0	
ca_rules	2.16000384305	0.777602767	2	1	
quantum_error_correcting_codes	0.881760742492	0.777502007	0	0	
cryptographic_applications	2.15961553134	0.7773232072	2	1	
uc_secure	1.5270056663	0.7772487683	2	0	
computing_resources	1.52659854418	0.7768343717	2	0	
key_agreement_protocols	2.15867146838	0.7766437514	2	1	
chaos_based_cryptosystem	1.52611811823	0.7763455036	2	0	
previously_proposed	1.52536024984	0.7755746306	2	0	
unauthorized_access	1.5251958031	0.7754074126	2	0	
exposure_resilient_cryptography	1.24529499276	0.7753798095	0	1	
position_based_quantum_cryptography	2.15687517261	0.7753517517	2	1	
algorithmic_number_theory	2.48998629811	0.7750039706	3	1	
extensively_studied	0.880258631994	0.7748552592	0	0	
ssl	1.24471491788	0.7746576134	1	0	
secret_key_cryptography	2.15573069329	0.774529137	2	1	
hybrid_model	1.24458065926	0.7744905087	0	1	
set_membership	1.76002618981	0.7744230472	3	0	
tls	1.2443508322	0.7742044968	1	0	
authenticated_key_agreement_protocol	2.15475811422	0.7738304218	2	1	
multi_qubit	2.15457151374	0.7736964013	2	1	
multivariate_schemes	1.24394006174	0.7736934386	0	1	
information_technology	2.48758242718	0.7735082915	3	1	
code_obfuscation	2.48718690781	0.7732623393	3	1	
shadow_images_called_shares	1.24348339683	0.7731254791	0	1	
ssl_tls_based	2.1532170134	0.7727239178	2	1	
e_commerce	2.48586546474	0.7724408886	3	1	
polarization_entangled	1.52226197755	0.7724271761	2	0	
constrained_environments	0.878875333822	0.7724218524	0	0	
secret_pixels	2.15277868217	0.7724093424	2	1	
computational_cost	2.48581295049	0.7724082531	3	1	
randomly_chosen	0.87883706994	0.7723545955	0	0	
reversible_gates	1.24268485168	0.7721328203	0	1	
key_stream	2.48477530075	0.7717635369	3	1	
quantum_communication_complexity	2.48466481039	0.7716949025	3	1	
quantum_capacity	2.48401320158	0.7712901982	3	1	
public_key_algorithms	2.15075423756	0.7709572984	2	1	
lattice_reduction	2.48317656545	0.7707707319	3	1	
software_implementations	1.75585834691	0.7707596336	1	1	
composite_number	2.48295287092	0.7706318699	3	1	
computational_models	2.48269572022	0.7704722549	3	1	
smaller_key_sizes	2.15000958342	0.7704235348	2	1	
shared_secret	1.75514584613	0.7701342353	3	0	
distributed_pkg	1.51988653889	0.7700183637	2	0	
authorized_sets	1.51975069442	0.7698807244	2	0	
binary_finite_fields	2.14898825199	0.7696917512	2	1	
information_theoretic_security	2.4812348221	0.7695657803	3	1	
passive_eavesdropper	2.1485419812	0.7693721075	2	1	
simulation_results	2.14786575782	0.7688878856	2	1	
constant_noise	2.14781666913	0.7688527407	2	1	
security_services	1.75336149872	0.7685691363	1	1	
statistical_properties	2.14695635107	0.7682369289	2	1	
random_source	2.1467527404	0.7680912214	2	1	
input_bits	1.23941995328	0.7680809103	0	1	
lightweight_implementations	2.14649894801	0.7679096223	2	1	
master_share	1.23910999375	0.7676967883	0	1	
briefly_discuss	0.875937582708	0.7672666488	0	0	
neural_cryptography	2.47735874043	0.7671632911	3	1	
limited_resources	0.875829429227	0.7670771891	0	0	
certificateless_encryption	2.14527700086	0.7670355684	2	1	
quantum_authentication_protocol	2.14497273032	0.7668180023	2	1	
algebraic_structure	2.47647903282	0.76661855	3	1	
ecdsa_signature	1.23794393823	0.7662525971	0	1	
recovered_image	1.51607823561	0.7661644055	2	0	
share_images	2.14399017642	0.7661156461	2	1	
patient_data	2.14382410538	0.7659969658	2	1	
multi_pixel	2.14380191282	0.7659811069	2	1	
multivariate_cryptography	2.47543225995	0.7659706092	3	1	
symmetric_ciphers	2.14318048003	0.765537095	2	1	
dna	1.74953606342	0.7652191093	3	0	
computational_model	2.47415870889	0.7651826646	3	1	
large_numbers	2.47408188611	0.7651351474	3	1	
medical_data	2.1424843717	0.7650398805	2	1	
integer_multiplication	2.47372397652	0.764913789	3	1	
weight_vectors	2.14230634434	0.7649127455	2	1	
random_shares	1.23677806287	0.7648099884	0	1	
human_visual_system	2.47338421067	0.7647036817	3	1	
certificate_based	1.51428590339	0.7643539324	2	0	
lattice_based_signature_scheme	2.14135015451	0.7642300807	2	1	
braid_based	0.874015637389	0.7639033344	0	0	
programmable_gate_array	2.47204134318	0.7638735503	3	1	
qc	1.7479055899	0.7637934878	3	0	
quantum_effects	1.74765224561	0.7635720929	3	0	
fundamental_limits	1.23576979669	0.7635634952	0	1	
higher_level	1.74708163186	0.7630735571	3	0	
supersingular_elliptic_curves	2.13972160283	0.7630680896	2	1	
threshold_schemes	2.13959543171	0.7629781019	2	1	
diffie_hellman_key_exchange	2.13959237436	0.7629759214	2	1	
hidden_message	1.74694659426	0.7629556008	3	0	
optical_elements	1.23523445321	0.7629020772	0	1	
hardware_architectures	2.1388032305	0.7624132098	2	1	
lattice_based_cryptosystems	1.51159822499	0.7616430646	2	0	
mac	1.234019177	0.7614016646	1	0	
practical_importance	2.13702696464	0.7611473746	2	1	
cryptographic_software	2.46760338061	0.7611333055	3	1	
composite_field	2.46752213169	0.7610831838	3	1	
untrusted_quantum	1.51090602438	0.7609456715	2	0	
image_watermarking	1.74463828113	0.760940683	3	0	
visual_secret_sharing_scheme	1.51023385937	0.76026877	2	0	
cache_timing	1.2330751162	0.7602371211	0	1	
quantum_storage	1.23299747145	0.7601413823	0	1	
completely_insecure	0.8716485563	0.7597712057	0	0	
hard_core	1.74300938001	0.7595204247	1	1	
manet	1.74278696449	0.7593266009	3	0	
ca	1.23223912558	0.7592066313	1	0	
national_security	2.46444267014	0.7591847093	3	1	
entanglement_concentration	2.4642300055	0.75905369	3	1	
legitimate_users	2.13395144293	0.7589581268	2	1	
computing_discrete_logarithms	2.13386151448	0.7588941605	2	1	
generic_constructions	1.2315010065	0.7582973645	0	1	
random_sequences	2.13295306713	0.7582481311	2	1	
position_based_cryptography	1.50820403242	0.7582264678	2	0	
fully_homomorphic	1.50814880645	0.7581709408	2	0	
mixed_state	1.23137325211	0.758140043	1	0	
sensor_motes	1.23128847359	0.7580356526	0	1	
generic_construction	1.2312369499	0.7579722134	0	1	
high_end	2.46224458476	0.7578310494	3	1	
secret_message	2.46202062412	0.7576931942	3	1	
pairing_based	1.50764669863	0.7576661893	2	0	
gsm	1.74070473131	0.7575132404	3	0	
random_codes	2.13183564915	0.7574538725	2	1	
wireless_channel	2.46140611765	0.7573150095	3	1	
signature_generation	2.13163517052	0.7573114167	2	1	
temporary_storage	2.13163320541	0.7573100204	2	1	
processing_units	2.13113872998	0.7569587144	2	1	
stateless_tokens	1.23040035582	0.7569425178	0	1	
result_shows	1.23013993237	0.7566221266	0	1	
existing_solutions	1.50659667742	0.7566111828	2	0	
nc	1.23009162399	0.7565627017	1	0	
cca_secure	0.869757697925	0.7564784531	0	0	
legitimate_user	2.13045308575	0.7564717251	2	1	
third_edition_solutions_manual	1.22986797446	0.7562876173	0	1	
signature_verification	2.12957286295	0.7558467631	2	1	
large_integers	1.22943407143	0.755754068	0	1	
chaos_based	0.869298839698	0.7556804727	0	0	
end_to_end	1.22928492377	0.7555707119	1	0	
diffie_hellman_key_exchange_protocol	2.12880527578	0.7553019837	2	1	
institute	1.73807953581	0.7552301182	3	0	
previous_constructions	2.12846199571	0.7550584112	2	1	
ibe	1.22875397668	0.7549181676	1	0	
enigma	1.50486948534	0.7548773893	2	0	
acns	1.22871329609	0.754868182	1	0	
elliptic_curve_discrete_logarithm	2.12778113033	0.7545754231	2	1	
umts	1.73690464045	0.7542094325	3	0	
closely_related	1.5041637718	0.7541695508	2	0	
increasingly_important	1.50411906643	0.754124722	2	0	
field_inversion	2.12673488432	0.7538335447	2	1	
coin_flipping_protocol	1.50380174624	0.753806564	2	0	
polarized_photons	0.86817116158	0.7537211658	0	0	
qr	1.22745237105	0.7533196616	1	0	
ghz	1.22705823978	0.7528359619	1	0	
cmos_technology	2.12523563635	0.752771085	2	1	
implementation_results	2.12501548959	0.7526151385	2	1	
simple_groups	2.45369268524	0.7525759742	3	1	
public_key_encryption_schemes	1.22676410512	0.7524750848	0	1	
code_based_cryptography	1.5023708258	0.7523726994	2	0	
secure_two_party_computation	2.12440688278	0.7521841006	2	1	
ip	1.22645922256	0.7521011123	1	0	
rsa_cryptosystem	2.12410817493	0.7519725898	2	1	
body_sensor	2.12377693589	0.7517380789	2	1	
hardware_architecture	2.45226391842	0.7516997907	3	1	
gate_array	2.4522514566	0.7516921508	3	1	
public_key_encryption_scheme	2.12357923036	0.7515981246	2	1	
mceliece	1.50148717527	0.7514879125	2	0	
qualiied_set	0.866836862449	0.7514061461	0	0	
communicating_parties	0.866826869277	0.7513888213	0	0	
mutual_learning	2.12326267894	0.7513740673	2	1	
tc	1.2257422663	0.7512220517	1	0	
uc	1.22565728391	0.7511178888	1	0	
captcha	1.73242654748	0.7503254356	3	0	
dos	1.500225858	0.750225875	2	0	
trojan	1.22453222391	0.7497395837	1	0	
mds	0.86586886357	0.7497288889	0	0	
chosen_ciphertext	1.73151967196	0.7495400936	3	0	
ieee	1.49945436266	0.7494544619	2	0	
third_party_authentication_quantum_key_distribute	1.22407999681	0.7491859193	0	1	
esct	1.22403492573	0.7491307497	1	0	
dishonest_party	2.11983256697	0.748948352	2	1	
card_technology	2.11946424075	0.7486881113	2	1	
ibm	1.73026698067	0.7484559561	3	0	
trust_relationships	2.11893604189	0.7483149916	2	1	
fourier	1.22315438772	0.7480533281	1	0	
quantum_adversaries	2.11844826786	0.7479705106	2	1	
linux	1.72969871527	0.7479644114	3	0	
uncertainty_relation	2.44594479431	0.7478307421	3	1	
field_multiplications	2.11818635469	0.7477855722	2	1	
field_programmable	1.49772193053	0.7477236604	2	0	
byzantine	1.72939140312	0.7476986563	3	0	
eurocrypt	1.72939140312	0.7476986563	3	0	
microsoft	1.72891796219	0.74728933	3	0	
ultra_low	1.49697064921	0.7469737082	2	0	
elliptic_curve_diffie_hellman	2.11689567357	0.7468745488	2	1	
data_path	2.11685140938	0.7468433149	2	1	
home	1.72836965953	0.74681542	3	0	
cryptographic_mechanisms	2.11670768946	0.7467419071	2	1	
forward_secure	1.49652551448	0.7465295385	2	0	
uniform_distribution	1.72802789723	0.7465201034	1	1	
xilinx	1.72775252892	0.7462822003	3	0	
low_end	1.72774194092	0.7462730536	3	0	
network_security_protocols	2.11571160029	0.7460392626	2	1	
initialization_phase	2.1154822853	0.7458775499	2	1	
sybil	1.49574705542	0.7457530846	2	0	
perfect_security	2.44250856064	0.7457310086	3	1	
honest_players	1.72696180896	0.7455992724	1	1	
superposition_states	1.72686225809	0.7455133146	1	1	
united	1.22093859723	0.7453455291	1	0	
ecdsa	1.49529892159	0.7453062883	2	0	
field_programmable_gate	2.11434362666	0.7450748286	2	1	
steganography_and_visual_cryptography	2.11406078323	0.7448754992	2	1	
elliptical_curve	2.44102125021	0.744823093	3	1	
javascript	1.72592815482	0.7447069989	3	0	
el_liptic_curve	1.22029992944	0.7445659589	0	1	
malicious_attacks	2.11360545599	0.7445546706	2	1	
computational_security	2.44056834102	0.7445467284	3	1	
association	1.22020206212	0.7444465362	1	0	
interactive_proof	1.72546070393	0.7443036602	1	1	
collision_resistant	0.862517273682	0.7439360474	0	0	
ring_signature_scheme	2.11226960879	0.7436138167	2	1	
chaotic_systems	2.43896148047	0.7435666379	3	1	
cl	1.21917257548	0.7431908844	1	0	
code_size	2.11165386269	0.7431803393	2	1	
cryptographic_constructions	1.21897650035	0.7429518542	0	1	
initial_conditions	2.43757624931	0.7427222464	3	1	
classical_and_quantum	1.49237187641	0.7423912725	2	0	
plane_text	1.2182694871	0.7420902716	0	1	
inversion_algorithm	2.11007645459	0.7420704407	2	1	
ind	1.21820677448	0.7420138727	1	0	
privacy_and_security	1.49177336513	0.7417959243	2	0	
chaotic_cryptography	2.10950732931	0.7416701954	2	1	
kerberos	1.21787502594	0.7416097894	1	0	
called_shares	0.861076758832	0.7414531846	0	0	
key_establishment_protocols	1.21758461965	0.741256153	0	1	
mutual_information	2.43488669092	0.7410841497	3	1	
bilinear_groups	1.21733487817	0.7409521028	0	1	
vc	1.21727512207	0.7408793614	1	0	
secret_binary_image	2.10827903623	0.7408067491	2	1	
cca	1.21687751109	0.7403954385	1	0	
transmitter	1.72092400971	0.7403948618	3	0	
naor	1.72089389783	0.7403689519	3	0	
photon_pairs	2.10755152321	0.7402955705	2	1	
ntru	1.49013618861	0.7401686202	2	0	
undergraduate_students	2.43317812172	0.7400444715	3	1	
yao	1.2165652165	0.740015463	1	0	
rainbow	1.72026029902	0.7398238741	3	0	
rfid	1.72016408648	0.7397411211	3	0	
dns	1.72014623367	0.7397257663	3	0	
cmos	1.71993077314	0.7395404661	3	0	
grover's	2.10609996771	0.739276179	2	1	
sufficiently_large	1.7195277896	0.7391939548	3	0	
cryptography_and_steganography	1.48882866714	0.7388702667	2	0	
quantum_cryptographic_protocols	2.10532336238	0.7387310767	2	1	
small_fraction	2.10522670774	0.7386632485	2	1	
memory_attacks	1.21542548229	0.7386295515	0	1	
nizk	1.48858583649	0.7386292642	2	0	
error_rate	1.21534107353	0.7385269625	1	0	
number_theoretic_methods_in_cryptography_complexity	2.57810524902	0.738514075	2	2	
bit_string	2.43028566667	0.7382860527	3	1	
tamper_proof	2.43009662985	0.7381712038	3	1	
uncertainty_principle	2.42972850796	0.7379475778	3	1	
brassard	1.71786595286	0.737765858	3	0	
yang	1.21471375995	0.7377647593	1	0	
shared_keys	0.858598693279	0.7371917161	0	0	
side_channel_attacks	1.21423681117	0.7371855168	0	1	
reconstructed_image	0.858518296835	0.737053666	0	0	
security_and_privacy	0.85849615765	0.7370156527	0	0	
8_bit_atmega128	1.2140670227	0.7369793678	0	1	
decision_making	1.71677682743	0.7368306688	3	0	
arm	1.71668682921	0.7367534174	3	0	
turing	1.71657877652	0.736660674	3	0	
open_question	1.71649399009	0.7365879045	1	1	
composable_security	2.10201835534	0.7364135277	2	1	
zero_knowledge	2.10162398821	0.7361372313	2	1	
elliptic_curve_discrete_logarithm_problem	2.4264850356	0.7359787035	3	1	
secret_pixel	2.10134472731	0.7359416105	2	1	
secure_multi_party	2.10127000911	0.7358892752	2	1	
1024_bit_rsa	2.10124829413	0.7358740656	2	1	
euclidean	1.21312429033	0.7358352719	1	0	
dense_coding	1.48572730008	0.7357952034	2	0	
bound_entangled	1.48571290736	0.7357809477	2	0	
integer_addition	2.1011113712	0.7357781657	2	1	
quantum_entangled_particles	0.857746700606	0.7357294024	0	0	
ecdlp	1.21290705266	0.7355717592	1	0	
eve	1.71520600792	0.7354829124	3	0	
manuscript	1.71498714631	0.735295228	3	0	
crypt_analysis	2.10034253007	0.7352397906	2	1	
key_length_expansion	1.21261910302	0.7352225445	0	1	
entangled_particles	0.857373993774	0.7350901652	0	0	
active_research	2.09989994533	0.7349299634	2	1	
resilient_functions	1.21177964152	0.7342049498	0	1	
identity_based_signature	1.48398572058	0.7340712063	2	0	
hadamard	1.71349227603	0.734013945	3	0	
mersenne	1.7134451829	0.7339735987	3	0	
edwards	1.21143245045	0.733784291	1	0	
generation_rate	2.09814243001	0.7337002761	2	1	
the_conjugacy_search_problem	1.21135684131	0.7336926985	0	1	
dolev	1.71288436434	0.7334932114	3	0	
recent_developments	1.21100736389	0.7332694177	0	1	
authentication_using_visual_cryptography	2.09720203705	0.7330427307	2	1	
epr	1.2108008871	0.7330193941	1	0	
preservation	1.21070011208	0.7328973807	1	0	
virtex	1.21063483148	0.7328183476	1	0	
current_research	1.21061919851	0.7327994219	0	1	
shannon	0.856015824678	0.7327630921	0	0	
kak's	1.2104997349	0.7326548041	0	1	
charlie	1.2104997349	0.7326548041	1	0	
key_distribution_scheme	2.09652560013	0.732569932	2	1	
reed	1.21039455518	0.7325274896	1	0	
peter	1.21035749537	0.7324826333	1	0	
nist	1.71128108059	0.7321207342	3	0	
wsns	1.48178568329	0.7318962704	2	0	
koblitz	1.71060907609	0.7315458528	3	0	
double_base_number_system	2.09495115146	0.7314700545	2	1	
authentication_protocols	2.41903477875	0.7314661576	3	1	
previous_works	2.09491456002	0.7314445023	2	1	
security_protocols	2.09487774354	0.7314187934	2	1	
galois	1.71038068838	0.7313505248	3	0	
pkc	1.2091720756	0.7310485542	1	0	
adleman	1.70961798154	0.7306984107	3	0	
specifically_designed	0.854794565963	0.73067375	0	0	
tori	1.20883711624	0.7306435868	1	0	
ke	1.20853539088	0.7302788955	1	0	
encryption_and_decryption	1.70909159169	0.7302485172	3	0	
continual	1.20831685613	0.7300148124	1	0	
middle_attack	2.09282514965	0.7299861845	2	1	
bennett	1.20827168989	0.7299602383	1	0	
bellare	1.70870693344	0.7299198461	3	0	
boneh	1.20819369391	0.729866001	1	0	
existing_schemes	0.854302840215	0.7298333428	0	0	
alice_and_bob	1.70808395157	0.7293876964	3	0	
np	1.20778434905	0.7293715169	1	0	
e_voting	1.70789534925	0.729226631	3	0	
american	1.20751663864	0.7290482163	1	0	
java	1.70764281441	0.7290109954	3	0	
prior_knowledge	1.47858261108	0.7287355126	2	0	
press	1.20703122271	0.7284621863	1	0	
finite_field_multiplication	2.09019431393	0.728152045	2	1	
atmega128	1.47796740049	0.7281292123	2	0	
federal	1.2066609271	0.7280152965	1	0	
cortex	0.853037826711	0.7276735338	0	0	
bell's	2.089371528	0.727578897	2	1	
secoqc	1.47726787425	0.7274401241	2	0	
security_mechanisms	1.2061016317	0.727340573	0	1	
status	1.20603779891	0.7272635862	1	0	
tate	1.7054856839	0.7271703545	3	0	
fiat	1.70521941873	0.7269433165	3	0	
vcs	1.20557452876	0.7267049722	1	0	
a5	1.20549977445	0.7266148531	1	0	
pkg	1.20540134677	0.7264962034	1	0	
earth	1.70424477784	0.7261125657	3	0	
esop	1.70422477708	0.7260955227	3	0	
pnss	0.851951216679	0.7258208756	0	0	
school	1.70368265413	0.7256336465	3	0	
neal	1.7034929424	0.7254720512	3	0	
qkd_network	2.08611722557	0.7253141798	2	1	
main_contribution	2.08602037967	0.7252468374	2	1	
wireless_sensor_nodes	2.08563858897	0.7249813873	2	1	
qualified_subsets_of_participants	0.851397240775	0.7248772616	0	0	
war	1.70260490649	0.7247158669	3	0	
special_case	2.40741591421	0.724456423	3	1	
symmetric_key_algorithms	2.4071763038	0.7243122197	3	1	
internal_state	2.0844357058	0.7241453686	2	1	
qualified_set	1.47348135149	0.7237157644	2	0	
braid_groups	2.40587878514	0.7235315911	3	1	
bell	1.70093515973	0.7232951044	3	0	
boolean	1.70014415989	0.7226225411	3	0	
computing_power	1.69992671371	0.722437708	3	0	
rsa	1.20172905515	0.722076361	1	0	
principles_of_quantum_mechanics	2.0813192671	0.7219816486	2	1	
substate_theorem	2.08126605911	0.7219447348	2	1	
main_results	2.08065452808	0.7215205442	2	1	
intelligence	1.6986923718	0.7213889435	3	0	
prog	1.20089470829	0.7210740502	1	0	
fields_gf	1.69795686918	0.7207643824	1	1	
dna_based	1.47011519549	0.720412896	2	0	
mi_security	2.07902817672	0.7203930266	2	1	
linkable_ring_signature	2.07856598154	0.7200727566	2	1	
protocol_execution	2.0780584012	0.7197211198	2	1	
ibe_scheme	2.07797770724	0.7196652253	2	1	
number_theory_and_algebra	2.07786781235	0.7195891076	2	1	
retrieval	1.19959518689	0.7195143062	1	0	
secret_key_agreement	2.07757983688	0.7193896631	2	1	
fpgas	1.469046934	0.7193662981	2	0	
security_and_performance	1.46889573769	0.7192182294	2	0	
times_faster	1.46886482506	0.7191879581	2	0	
richard	1.69592821452	0.7190431272	3	0	
society	1.69584179734	0.7189698504	3	0	
artificial	1.69533445809	0.7185397312	3	0	
encryption	1.69522110039	0.7184436448	3	0	
prevention	1.19860391247	0.7183256695	1	0	
mathematical_theory	2.39693075344	0.7181596296	3	1	
brazilian	1.19846225456	0.7181558878	1	0	
evolution	1.69466519608	0.7179725317	3	0	
cryptographically_strong	1.69419279257	0.7175723046	3	0	
main_result	1.19784653616	0.7174181621	0	1	
internet	1.69386390433	0.7172937316	3	0	
primality	1.69363636829	0.717101037	3	0	
adder	1.19758176088	0.717101037	1	0	
hilbert	1.69354200916	0.7170211342	3	0	
franklin	1.19704884036	0.7164629631	1	0	
communication_overhead	1.19645955335	0.7157577314	0	1	
pirates_2.0	1.46521940262	0.7156226326	2	0	
paper_discusses	1.19611356075	0.7153438251	0	1	
trace_distance	2.39147376118	0.7148933438	3	1	
transistor	1.69084591303	0.7147399754	3	0	
recursive	1.69081246411	0.7147116972	3	0	
special_purpose	2.07079394484	0.714697927	2	1	
heisenberg	1.69068372217	0.7146028621	3	0	
resettable	1.46366366147	0.7141037713	2	0	
depending	1.46334475675	0.7137926257	2	0	
chaos_based_cryptography	1.46331184534	0.7137605189	2	0	
vernam	1.46330994003	0.7137586602	2	0	
query_complexity	2.38924962664	0.7135642223	3	1	
weil	1.19452737181	0.713447821	1	0	
private_information	2.38841065213	0.7130631804	3	1	
shadow	1.68875116308	0.7129701227	3	0	
vc_schemes	1.19387873128	0.7126732125	0	1	
security_analysis	2.38753911214	0.7125428765	3	1	
montgomery	1.19369070165	0.7124487456	1	0	
asymmetric_encryption	2.38707707006	0.7122671173	3	1	
previous_research	2.06711903837	0.7121635198	2	1	
geometry	1.68776068434	0.7121340319	3	0	
fpga	1.68761253171	0.7120090143	3	0	
shortest_vector	2.06672865345	0.7118945545	2	1	
bit	1.68745962121	0.7118799933	3	0	
legitimate_parties	2.06654978522	0.7117713358	2	1	
resettable_zero_knowledge	2.06631036101	0.711606418	2	1	
messaging	1.68669205796	0.7112325246	3	0	
shared_random	1.46060317044	0.7111205405	2	0	
shared_key	1.68648205944	0.7110554342	3	0	
hall	1.68631616466	0.7109155518	3	0	
takes_place	1.4603421597	0.7108664078	2	0	
van	1.68623234212	0.7108448779	3	0	
random_bit	2.06508172904	0.7107604246	2	1	
hardness_assumption	2.06488726961	0.7106265727	2	1	
black_box_techniques	2.06484874235	0.7106000548	2	1	
cosine	1.68576455865	0.7104505368	3	0	
tensor	1.68564692827	0.7103513917	3	0	
wireless_sensor	2.06446676859	0.7103371731	2	1	
gf	1.19185057813	0.7102539003	1	0	
diffie	1.6851537963	0.7099358293	3	0	
sciences	1.68407972388	0.7090311291	3	0	
results_obtained	1.45801640022	0.7086039411	2	0	
self_testing	1.45800089362	0.7085888686	2	0	
fast_correlation	2.06188818184	0.7085638124	2	1	
dot	1.19041512692	0.7085440872	1	0	
non_adjacent	1.6835001327	0.7085431742	1	1	
sensor_network_security	2.06183117039	0.7085246292	2	1	
image	1.68301957457	0.7081387221	3	0	
journal	1.68264633301	0.7078246705	3	0	
intel	1.68230079867	0.7075339943	3	0	
correlation_attack	2.37879657323	0.7073341421	3	1	
quantum_signature_scheme	2.05994849683	0.7072313016	2	1	
parity	1.18909201183	0.7069699063	1	0	
patient	1.68151788215	0.706875597	3	0	
author's	2.05940057444	0.706855121	2	1	
ultimate	1.18899547602	0.706855121	1	0	
storage_model	2.37786815244	0.7067821188	3	1	
qkd	1.456135113	0.7067764891	2	0	
shor's	2.05910508843	0.7066522942	2	1	
chinese	1.18878638737	0.7066065374	1	0	
retaining	1.45596003111	0.7066065374	2	0	
160_bit	1.4558932863	0.7065417537	2	0	
image_encryption	2.0586547049	0.706343199	2	1	
noisy_channels	2.05864244535	0.7063347863	2	1	
basics	1.18843258353	0.7061860028	1	0	
dissemination	1.68054735726	0.706059855	3	0	
electronics	1.45539563374	0.7060588169	2	0	
sum	1.1879720825	0.7056388344	1	0	
bb84	0.839921653013	0.7054683832	0	0	
modular_reduction	2.05733425631	0.7054373737	2	1	
isomorphism	1.67955113039	0.7052229999	3	0	
automation	1.67951661451	0.7051940146	3	0	
authentication	1.67948012456	0.7051633722	3	0	
exchange_of_information	1.67946163219	0.7051478435	3	0	
european	1.18751103237	0.705091226	1	0	
increasingly_popular	1.45416191884	0.7048622954	2	0	
stability	1.1871448284	0.7046564218	1	0	
computational_assumptions	1.18704995539	0.7045437983	0	1	
heterogeneous	1.67867503907	0.7044874717	3	0	
three_stage_quantum	2.05570768661	0.7043223488	2	1	
dna_based_cryptography	1.45358218911	0.7043003935	2	0	
twisted	1.18671859815	0.7041505156	1	0	
key_escrow_problem	2.05515709691	0.7039451155	2	1	
elliptic_curve_cryptography_based	2.05451332967	0.7035041703	2	1	
factoring_large_integers	1.18615275972	0.7034791847	0	1	
significant_advantage	2.05434269619	0.7033873189	2	1	
si	1.18582494728	0.7030904028	1	0	
recently_proposed	1.4519882734	0.7027566487	2	0	
classical_randomness	2.05272735179	0.7022815968	2	1	
gaussian	1.67549334335	0.7018194859	3	0	
steganography_and_cryptography	1.45063756721	0.7014497838	2	0	
theoretical_computer_science	2.36859753407	0.7012817848	3	1	
ecc	1.18425783172	0.701233306	1	0	
primality_testing	1.67450154446	0.7009888556	3	0	
xor	1.67428852842	0.7008105191	3	0	
remains_secure	1.44931759056	0.7001738261	2	0	
singular	1.18330191067	0.7001017059	1	0	
cryptographic_functions	1.18309432752	0.6998560939	0	1	
